day,swc_12p5,Date
1,0.118364919,1/1/2018
2,0.118872288,1/2/2018
3,0.11917832,1/3/2018
4,0.119037158,1/4/2018
5,0.11877672,1/5/2018
6,0.118600133,1/6/2018
7,0.118133463,1/7/2018
8,0.117954511,1/8/2018
9,0.11774263,1/9/2018
10,0.117297791,1/10/2018
11,0.117125928,1/11/2018
12,0.117178737,1/12/2018
13,0.117205935,1/13/2018
14,0.117267329,1/14/2018
15,0.117208815,1/15/2018
16,0.11758853,1/16/2018
17,0.117740973,1/17/2018
18,0.117779128,1/18/2018
19,0.117406328,1/19/2018
20,0.11680223,1/20/2018
21,0.116436755,1/21/2018
22,0.116744333,1/22/2018
23,0.116958417,1/23/2018
24,0.117202349,1/24/2018
25,0.116947554,1/25/2018
26,0.116516352,1/26/2018
27,0.116417534,1/27/2018
28,0.116494104,1/28/2018
29,0.11640198,1/29/2018
30,0.116311339,1/30/2018
31,0.115953007,1/31/2018
32,0.115518284,2/1/2018
33,0.115732906,2/2/2018
34,0.115488784,2/3/2018
35,0.114945413,2/4/2018
36,0.115012699,2/5/2018
37,0.114736232,2/6/2018
38,0.114840698,2/7/2018
39,0.114725154,2/8/2018
40,0.114382514,2/9/2018
41,0.113977945,2/10/2018
42,0.114516097,2/11/2018
43,0.114790745,2/12/2018
44,0.114811591,2/13/2018
45,0.11444803,2/14/2018
46,0.114124572,2/15/2018
47,0.114067156,2/16/2018
48,0.114225861,2/17/2018
49,0.114071752,2/18/2018
50,0.11388415,2/19/2018
51,0.113837653,2/20/2018
52,0.113884558,2/21/2018
53,0.114303959,2/22/2018
54,0.114377436,2/23/2018
55,0.114115582,2/24/2018
56,0.114246242,2/25/2018
57,0.114415464,2/26/2018
58,0.114186662,2/27/2018
59,0.113822526,2/28/2018
60,0.113780004,3/1/2018
61,0.113803884,3/2/2018
62,0.113482672,3/3/2018
63,0.113168807,3/4/2018
64,0.112731507,3/5/2018
65,0.112684991,3/6/2018
66,0.112559416,3/7/2018
67,0.112538967,3/8/2018
68,0.112171986,3/9/2018
69,0.111827328,3/10/2018
70,0.111330838,3/11/2018
71,0.111244777,3/12/2018
72,0.111059371,3/13/2018
73,0.110836142,3/14/2018
74,0.110417232,3/15/2018
75,0.110011767,3/16/2018
76,0.109734054,3/17/2018
77,0.109250092,3/18/2018
78,0.109034659,3/19/2018
79,0.108874628,3/20/2018
80,0.108629381,3/21/2018
81,0.108328864,3/22/2018
82,0.107806245,3/23/2018
83,0.10729193,3/24/2018
84,0.106876098,3/25/2018
85,0.106282407,3/26/2018
86,0.106041704,3/27/2018
87,0.106174843,3/28/2018
88,0.10589008,3/29/2018
89,0.105831538,3/30/2018
90,0.105664863,3/31/2018
91,0.105310808,4/1/2018
92,0.105528699,4/2/2018
93,0.105246163,4/3/2018
94,0.105160536,4/4/2018
95,0.105208274,4/5/2018
96,0.104754906,4/6/2018
97,0.104478391,4/7/2018
98,0.104707494,4/8/2018
99,0.104275894,4/9/2018
100,0.104196102,4/10/2018
101,0.104068495,4/11/2018
102,0.103741948,4/12/2018
103,0.103011803,4/13/2018
104,0.103436593,4/14/2018
105,0.103590929,4/15/2018
106,0.103536933,4/16/2018
107,0.103301274,4/17/2018
108,0.103128838,4/18/2018
109,0.103269421,4/19/2018
110,0.103278608,4/20/2018
111,0.103518953,4/21/2018
112,0.103597858,4/22/2018
113,0.103512362,4/23/2018
114,0.103364633,4/24/2018
115,0.103269983,4/25/2018
116,0.103178577,4/26/2018
117,0.103037809,4/27/2018
118,0.102816587,4/28/2018
119,0.102548007,4/29/2018
120,0.102163227,4/30/2018
121,0.101883487,5/1/2018
122,0.101619273,5/2/2018
123,0.10125461,5/3/2018
124,0.101103103,5/4/2018
125,0.101194275,5/5/2018
126,0.100932069,5/6/2018
127,0.100653091,5/7/2018
128,0.100146622,5/8/2018
129,0.0991575,5/9/2018
130,0.098499825,5/10/2018
131,0.097830813,5/11/2018
132,0.097196498,5/12/2018
133,0.096533705,5/13/2018
134,0.095867791,5/14/2018
135,0.095171459,5/15/2018
136,0.09475997,5/16/2018
137,0.094294827,5/17/2018
138,0.093855761,5/18/2018
139,0.093407855,5/19/2018
140,0.093081385,5/20/2018
141,0.092735284,5/21/2018
142,0.092647562,5/22/2018
143,0.093427679,5/23/2018
144,0.093331629,5/24/2018
145,0.092670981,5/25/2018
146,0.092795588,5/26/2018
147,0.093049041,5/27/2018
148,0.092989475,5/28/2018
149,0.093071815,5/29/2018
150,0.093121305,5/30/2018
151,0.093232726,5/31/2018
152,0.093081733,6/1/2018
153,0.092612784,6/2/2018
154,0.092149815,6/3/2018
155,0.0925023,6/4/2018
156,0.092155625,6/5/2018
157,0.092057774,6/6/2018
158,0.092157924,6/7/2018
159,0.092265304,6/8/2018
160,0.092408309,6/9/2018
161,0.094150513,6/10/2018
162,0.092131245,6/11/2018
163,0.091964971,6/12/2018
164,0.091504208,6/13/2018
165,0.091180314,6/14/2018
166,0.090824924,6/15/2018
167,0.090349429,6/16/2018
168,0.090230946,6/17/2018
169,0.090145188,6/18/2018
170,0.090027718,6/19/2018
171,0.089684548,6/20/2018
172,0.089423623,6/21/2018
173,0.088951457,6/22/2018
174,0.088336129,6/23/2018
175,0.087852679,6/24/2018
176,0.087370768,6/25/2018
177,0.087149497,6/26/2018
178,0.086752646,6/27/2018
179,0.086395286,6/28/2018
180,0.0859595,6/29/2018
181,0.085669876,6/30/2018
182,0.085145439,7/1/2018
183,0.084705459,7/2/2018
184,0.084290814,7/3/2018
185,0.083636759,7/4/2018
186,0.115459468,7/5/2018
187,0.168119998,7/6/2018
188,0.156871358,7/7/2018
189,0.147727513,7/8/2018
190,0.140095104,7/9/2018
191,0.133857261,7/10/2018
192,0.12872803,7/11/2018
193,0.128270392,7/12/2018
194,0.127709557,7/13/2018
195,0.124980062,7/14/2018
196,0.121466765,7/15/2018
197,0.118806246,7/16/2018
198,0.116291282,7/17/2018
199,0.114303909,7/18/2018
200,0.11217664,7/19/2018
201,0.110801928,7/20/2018
202,0.1092221,7/21/2018
203,0.107944313,7/22/2018
204,0.106573049,7/23/2018
205,0.117570589,7/24/2018
206,0.154407372,7/25/2018
207,0.147036433,7/26/2018
208,0.160202715,7/27/2018
209,0.162837047,7/28/2018
210,0.151764485,7/29/2018
211,0.142442983,7/30/2018
212,0.136990468,7/31/2018
213,0.131557786,8/1/2018
214,0.126130284,8/2/2018
215,0.120979714,8/3/2018
216,0.116738105,8/4/2018
217,0.113314996,8/5/2018
218,0.110688208,8/6/2018
219,0.109219649,8/7/2018
220,0.107389432,8/8/2018
221,0.106545588,8/9/2018
222,0.106335637,8/10/2018
223,0.107531984,8/11/2018
224,0.108212922,8/12/2018
225,0.107907666,8/13/2018
226,0.106855336,8/14/2018
227,0.17470168,8/15/2018
228,0.179076293,8/16/2018
229,0.182108457,8/17/2018
230,0.178228952,8/18/2018
231,0.190453405,8/19/2018
232,0.188214821,8/20/2018
233,0.17905693,8/21/2018
234,0.176203549,8/22/2018
235,0.17235987,8/23/2018
236,0.166308853,8/24/2018
237,0.160806744,8/25/2018
238,0.157995136,8/26/2018
239,0.154031256,8/27/2018
240,0.149439442,8/28/2018
241,0.145428281,8/29/2018
242,0.14133722,8/30/2018
243,0.136012372,8/31/2018
244,0.132998694,9/1/2018
245,0.131932529,9/2/2018
246,0.129752674,9/3/2018
247,0.153964538,9/4/2018
248,0.179017005,9/5/2018
249,0.171939359,9/6/2018
250,0.166912882,9/7/2018
251,0.165019202,9/8/2018
252,0.159873612,9/9/2018
253,0.155188769,9/10/2018
254,0.150116337,9/11/2018
255,0.144560926,9/12/2018
256,0.138859401,9/13/2018
257,0.133895693,9/14/2018
258,0.129998322,9/15/2018
259,0.126846335,9/16/2018
260,0.125623702,9/17/2018
261,0.124012984,9/18/2018
262,0.120710096,9/19/2018
263,0.118661875,9/20/2018
264,0.118485039,9/21/2018
265,0.11730106,9/22/2018
266,0.116010798,9/23/2018
267,0.114485614,9/24/2018
268,0.113583322,9/25/2018
269,0.11291084,9/26/2018
270,0.112427473,9/27/2018
271,0.111723193,9/28/2018
272,0.111179068,9/29/2018
273,0.110592798,9/30/2018
274,0.109804482,10/1/2018
275,0.109121155,10/2/2018
276,0.108709321,10/3/2018
277,0.108661461,10/4/2018
278,0.108554393,10/5/2018
279,0.108329816,10/6/2018
280,0.108583385,10/7/2018
281,0.108776253,10/8/2018
282,0.177792412,10/9/2018
283,0.184845291,10/10/2018
284,0.177383014,10/11/2018
285,0.173287135,10/12/2018
286,0.168696646,10/13/2018
287,0.165813043,10/14/2018
288,0.173583409,10/15/2018
289,0.173644465,10/16/2018
290,0.171558614,10/17/2018
291,0.177601479,10/18/2018
298,0.187840715,10/25/2018
299,0.185223439,10/26/2018
300,0.180792851,10/27/2018
301,0.176773841,10/28/2018
302,0.173181803,10/29/2018
303,0.169983148,10/30/2018
304,0.172710982,10/31/2018
305,0.178849197,11/1/2018
306,0.177109303,11/2/2018
307,0.174812053,11/3/2018
308,0.17298815,11/4/2018
309,0.170921463,11/5/2018
310,0.168408146,11/6/2018
311,0.166395381,11/7/2018
312,0.165442932,11/8/2018
313,0.165167117,11/9/2018
314,0.164739786,11/10/2018
315,0.163704995,11/11/2018
316,0.163244318,11/12/2018
317,0.163152213,11/13/2018
318,0.164864252,11/14/2018
319,0.169240115,11/15/2018
320,0.168972668,11/16/2018
321,0.167758732,11/17/2018
322,0.166800241,11/18/2018
323,0.165999442,11/19/2018
324,0.164979295,11/20/2018
325,0.163875786,11/21/2018
326,0.162657606,11/22/2018
327,0.161431879,11/23/2018
328,0.160033793,11/24/2018
329,0.158530168,11/25/2018
330,0.15783484,11/26/2018
331,0.157101663,11/27/2018
332,0.155965237,11/28/2018
333,0.154567639,11/29/2018
334,0.153195645,11/30/2018
335,0.152008348,12/1/2018
336,0.151221777,12/2/2018
337,0.150860434,12/3/2018
338,0.150628369,12/4/2018
339,0.150510314,12/5/2018
340,0.150052926,12/6/2018
341,0.149760317,12/7/2018
342,0.149524163,12/8/2018
343,0.14924366,12/9/2018
344,0.148936016,12/10/2018
345,0.148548578,12/11/2018
346,0.147892518,12/12/2018
347,0.147159176,12/13/2018
348,0.146863933,12/14/2018
349,0.146522043,12/15/2018
350,0.14590531,12/16/2018
351,0.145275708,12/17/2018
352,0.144551739,12/18/2018
353,0.143795441,12/19/2018
354,0.143141104,12/20/2018
355,0.142667206,12/21/2018
356,0.141843977,12/22/2018
357,0.14117104,12/23/2018
358,0.140898221,12/24/2018
359,0.14031798,12/25/2018
360,0.139725301,12/26/2018
361,0.139637381,12/27/2018
362,0.13963353,12/28/2018
363,0.140016092,12/29/2018
364,0.140282492,12/30/2018
365,0.140876149,12/31/2018
366,0.141711917,1/1/2019
367,0.143493112,1/2/2019
368,0.146637562,1/3/2019
369,0.150604999,1/4/2019
370,0.161742537,1/5/2019
371,0.191640111,1/6/2019
372,0.192673396,1/7/2019
373,0.187490037,1/8/2019
374,0.183965884,1/9/2019
375,0.18174911,1/10/2019
376,0.179315921,1/11/2019
377,0.177878144,1/12/2019
378,0.176635946,1/13/2019
379,0.176265772,1/14/2019
380,0.175766645,1/15/2019
381,0.17434692,1/16/2019
382,0.172739449,1/17/2019
383,0.171017403,1/18/2019
384,0.169525934,1/19/2019
385,0.168247563,1/20/2019
386,0.166584821,1/21/2019
387,0.164842096,1/22/2019
388,0.164054045,1/23/2019
389,0.163403297,1/24/2019
390,0.162772725,1/25/2019
391,0.162210493,1/26/2019
392,0.161515016,1/27/2019
393,0.160782153,1/28/2019
394,0.16038343,1/29/2019
395,0.159943372,1/30/2019
396,0.159455769,1/31/2019
397,0.158671966,2/1/2019
398,0.157735939,2/2/2019
399,0.156540206,2/3/2019
400,0.155215703,2/4/2019
401,0.153784596,2/5/2019
402,0.152318321,2/6/2019
403,0.151269216,2/7/2019
404,0.15094995,2/8/2019
405,0.150745334,2/9/2019
406,0.150385446,2/10/2019
407,0.149646781,2/11/2019
408,0.14905711,2/12/2019
409,0.148270409,2/13/2019
410,0.147061907,2/14/2019
411,0.145572483,2/15/2019
412,0.143938808,2/16/2019
413,0.142994667,2/17/2019
414,0.142629058,2/18/2019
415,0.142563093,2/19/2019
416,0.142505841,2/20/2019
417,0.142474744,2/21/2019
418,0.142265637,2/22/2019
419,0.141705167,2/23/2019
420,0.141262302,2/24/2019
421,0.140712809,2/25/2019
422,0.139683017,2/26/2019
423,0.138354291,2/27/2019
424,0.13725533,2/28/2019
425,0.136024159,3/1/2019
426,0.134771722,3/2/2019
427,0.133685236,3/3/2019
428,0.133628229,3/4/2019
429,0.133748754,3/5/2019
430,0.133939661,3/6/2019
431,0.133276404,3/7/2019
432,0.132027014,3/8/2019
433,0.131104112,3/9/2019
434,0.130426282,3/10/2019
435,0.130197884,3/11/2019
436,0.141010138,3/12/2019
437,0.177520761,3/13/2019
438,0.172893213,3/14/2019
439,0.171155736,3/15/2019
440,0.168448094,3/16/2019
441,0.165404604,3/17/2019
442,0.162104436,3/18/2019
443,0.158807787,3/19/2019
444,0.157626315,3/20/2019
445,0.157225247,3/21/2019
446,0.191288577,3/22/2019
447,0.18776748,3/23/2019
448,0.181666013,3/24/2019
449,0.176968277,3/25/2019
450,0.172806222,3/26/2019
451,0.168694405,3/27/2019
452,0.163661665,3/28/2019
453,0.159237795,3/29/2019
454,0.156365969,3/30/2019
455,0.155469447,3/31/2019
456,0.15489448,4/1/2019
457,0.153124145,4/2/2019
458,0.150890688,4/3/2019
459,0.148633188,4/4/2019
460,0.146161829,4/5/2019
461,0.143748197,4/6/2019
462,0.14150598,4/7/2019
463,0.139213133,4/8/2019
464,0.136703851,4/9/2019
465,0.134070613,4/10/2019
466,0.132496297,4/11/2019
467,0.132049219,4/12/2019
468,0.131684318,4/13/2019
469,0.132411708,4/14/2019
470,0.131811698,4/15/2019
471,0.130638425,4/16/2019
472,0.142969764,4/17/2019
473,0.17153142,4/18/2019
474,0.166540102,4/19/2019
475,0.160216622,4/20/2019
476,0.15366884,4/21/2019
477,0.148904234,4/22/2019
478,0.148908496,4/23/2019
479,0.156770931,4/24/2019
480,0.154229115,4/25/2019
481,0.15926658,4/26/2019
482,0.174558085,4/27/2019
483,0.168268829,4/28/2019
484,0.162466334,4/29/2019
485,0.158648297,4/30/2019
486,0.154078182,5/1/2019
487,0.150239607,5/2/2019
488,0.147315209,5/3/2019
489,0.143829309,5/4/2019
490,0.140280908,5/5/2019
491,0.137255999,5/6/2019
492,0.134579276,5/7/2019
493,0.1375675,5/8/2019
494,0.179540993,5/9/2019
495,0.184315332,5/10/2019
496,0.186449363,5/11/2019
497,0.181990417,5/12/2019
498,0.176055839,5/13/2019
499,0.170707126,5/14/2019
500,0.165089779,5/15/2019
501,0.158760085,5/16/2019
502,0.153028274,5/17/2019
503,0.148289567,5/18/2019
504,0.145081187,5/19/2019
505,0.14233551,5/20/2019
506,0.139629632,5/21/2019
507,0.137340757,5/22/2019
508,0.135313374,5/23/2019
509,0.133105766,5/24/2019
510,0.13075525,5/25/2019
511,0.128456941,5/26/2019
512,0.126767262,5/27/2019
513,0.125053833,5/28/2019
514,0.123629392,5/29/2019
515,0.12266426,5/30/2019
516,0.121946054,5/31/2019
517,0.121023765,6/1/2019
518,0.120682511,6/2/2019
519,0.11995818,6/3/2019
520,0.119441727,6/4/2019
521,0.118540793,6/5/2019
522,0.118248604,6/6/2019
523,0.117593175,6/7/2019
524,0.116728635,6/8/2019
525,0.116065208,6/9/2019
526,0.115068284,6/10/2019
527,0.114783615,6/11/2019
528,0.11457986,6/12/2019
529,0.114089962,6/13/2019
530,0.113348103,6/14/2019
531,0.112416302,6/15/2019
532,0.111744736,6/16/2019
533,0.121734568,6/17/2019
534,0.13785608,6/18/2019
535,0.132416192,6/19/2019
536,0.126460181,6/20/2019
537,0.121475453,6/21/2019
538,0.118311677,6/22/2019
539,0.116186778,6/23/2019
540,0.114707105,6/24/2019
541,0.113566253,6/25/2019
542,0.112548988,6/26/2019
543,0.111851077,6/27/2019
544,0.111463982,6/28/2019
545,0.111690637,6/29/2019
546,0.111658284,6/30/2019
547,0.111217121,7/1/2019
548,0.111077872,7/2/2019
549,0.110784926,7/3/2019
550,0.110385726,7/4/2019
551,0.109830237,7/5/2019
552,0.109638557,7/6/2019
553,0.109931314,7/7/2019
554,0.109660644,7/8/2019
555,0.109097411,7/9/2019
556,0.108801123,7/10/2019
557,0.10852564,7/11/2019
558,0.108242504,7/12/2019
559,0.107987291,7/13/2019
560,0.107523436,7/14/2019
561,0.10769425,7/15/2019
562,0.126851686,7/16/2019
563,0.161084816,7/17/2019
564,0.150704996,7/18/2019
565,0.140014612,7/19/2019
566,0.131496041,7/20/2019
567,0.124835498,7/21/2019
568,0.120603979,7/22/2019
569,0.116764471,7/23/2019
570,0.113812884,7/24/2019
571,0.111556296,7/25/2019
572,0.110326857,7/26/2019
573,0.109382874,7/27/2019
574,0.109152184,7/28/2019
575,0.109680871,7/29/2019
576,0.109227098,7/30/2019
577,0.108411835,7/31/2019
578,0.1075614,8/1/2019
579,0.106945024,8/2/2019
580,0.108569367,8/3/2019
581,0.120340493,8/4/2019
582,0.117992915,8/5/2019
583,0.114256567,8/6/2019
584,0.111648147,8/7/2019
585,0.10949168,8/8/2019
586,0.107975922,8/9/2019
587,0.107041433,8/10/2019
588,0.106639165,8/11/2019
589,0.106405338,8/12/2019
590,0.10591602,8/13/2019
591,0.105519714,8/14/2019
592,0.105292988,8/15/2019
593,0.104960509,8/16/2019
594,0.104660953,8/17/2019
595,0.104345895,8/18/2019
596,0.104011492,8/19/2019
597,0.103535109,8/20/2019
598,0.103052729,8/21/2019
599,0.102866997,8/22/2019
600,0.10268242,8/23/2019
601,0.102412047,8/24/2019
602,0.102371612,8/25/2019
603,0.102192876,8/26/2019
604,0.101598168,8/27/2019
605,0.101356134,8/28/2019
606,0.101114142,8/29/2019
607,0.100604012,8/30/2019
608,0.100341334,8/31/2019
609,0.100910467,9/1/2019
610,0.100023036,9/2/2019
611,0.099410073,9/3/2019
612,0.098957609,9/4/2019
613,0.098638144,9/5/2019
614,0.09838675,9/6/2019
615,0.098639499,9/7/2019
616,0.097489868,9/8/2019
617,0.096918429,9/9/2019
618,0.096576382,9/10/2019
619,0.096902436,9/11/2019
620,0.096316758,9/12/2019
621,0.095838754,9/13/2019
622,0.095671599,9/14/2019
623,0.095341816,9/15/2019
624,0.095081909,9/16/2019
625,0.094855724,9/17/2019
626,0.094531115,9/18/2019
627,0.094614225,9/19/2019
628,0.094682456,9/20/2019
629,0.094395925,9/21/2019
630,0.094020433,9/22/2019
631,0.093872175,9/23/2019
632,0.093589807,9/24/2019
633,0.093500328,9/25/2019
634,0.093224119,9/26/2019
635,0.092905344,9/27/2019
636,0.092549383,9/28/2019
637,0.09224209,9/29/2019
638,0.091705748,9/30/2019
639,0.0916812,10/1/2019
640,0.091792795,10/2/2019
641,0.092032975,10/3/2019
642,0.092970587,10/4/2019
643,0.099071355,10/5/2019
644,0.099631067,10/6/2019
645,0.099709096,10/7/2019
646,0.099790265,10/8/2019
647,0.099505875,10/9/2019
648,0.099034395,10/10/2019
649,0.098900418,10/11/2019
650,0.099098872,10/12/2019
651,0.09878955,10/13/2019
652,0.098413417,10/14/2019
653,0.097960964,10/15/2019
654,0.097636542,10/16/2019
655,0.097456305,10/17/2019
656,0.097044999,10/18/2019
657,0.096656058,10/19/2019
658,0.096509581,10/20/2019
659,0.096386433,10/21/2019
660,0.096363549,10/22/2019
661,0.096271771,10/23/2019
662,0.09584656,10/24/2019
663,0.096123622,10/25/2019
664,0.096134673,10/26/2019
665,0.095992198,10/27/2019
666,0.095909716,10/28/2019
667,0.096217544,10/29/2019
668,0.096470257,10/30/2019
669,0.096748197,10/31/2019
670,0.096860555,11/1/2019
671,0.096985088,11/2/2019
672,0.096971904,11/3/2019
673,0.096852514,11/4/2019
674,0.096706126,11/5/2019
675,0.096677832,11/6/2019
676,0.096601801,11/7/2019
677,0.096685147,11/8/2019
678,0.096593697,11/9/2019
679,0.096495951,11/10/2019
680,0.096287105,11/11/2019
681,0.096567589,11/12/2019
682,0.096628074,11/13/2019
683,0.096468204,11/14/2019
684,0.096545544,11/15/2019
685,0.096418095,11/16/2019
686,0.096141297,11/17/2019
687,0.096041542,11/18/2019
688,0.095854564,11/19/2019
689,0.095420802,11/20/2019
690,0.095021688,11/21/2019
691,0.097731717,11/22/2019
692,0.102370219,11/23/2019
693,0.102253316,11/24/2019
694,0.102247999,11/25/2019
695,0.102408592,11/26/2019
696,0.102902972,11/27/2019
697,0.102824678,11/28/2019
698,0.102789378,11/29/2019
703,0.166164538,12/4/2019
704,0.163560476,12/5/2019
705,0.160222236,12/6/2019
706,0.157203712,12/7/2019
707,0.15392885,12/8/2019
708,0.151273957,12/9/2019
709,0.149705941,12/10/2019
710,0.147857621,12/11/2019
711,0.145703281,12/12/2019
712,0.14342157,12/13/2019
713,0.141161141,12/14/2019
714,0.138960567,12/15/2019
715,0.13759122,12/16/2019
716,0.136697124,12/17/2019
717,0.13598676,12/18/2019
718,0.134963309,12/19/2019
719,0.133803026,12/20/2019
720,0.132304118,12/21/2019
721,0.130395605,12/22/2019
722,0.128143436,12/23/2019
723,0.125907321,12/24/2019
724,0.124051941,12/25/2019
725,0.12263625,12/26/2019
726,0.121356591,12/27/2019
727,0.12199332,12/28/2019
728,0.123277761,12/29/2019
729,0.124242716,12/30/2019
730,0.124758356,12/31/2019
731,0.124856824,1/1/2020
732,0.124283449,1/2/2020
733,0.12398466,1/3/2020
734,0.123337375,1/4/2020
735,0.122416864,1/5/2020
736,0.121326054,1/6/2020
737,0.120288181,1/7/2020
738,0.119146016,1/8/2020
739,0.118090186,1/9/2020
740,0.117501743,1/10/2020
741,0.117247307,1/11/2020
742,0.116932003,1/12/2020
743,0.116559875,1/13/2020
744,0.115991206,1/14/2020
745,0.115430195,1/15/2020
746,0.115205823,1/16/2020
747,0.115265534,1/17/2020
748,0.120237807,1/18/2020
749,0.124075699,1/19/2020
750,0.126682615,1/20/2020
751,0.128163313,1/21/2020
752,0.129143017,1/22/2020
753,0.129424383,1/23/2020
754,0.129413062,1/24/2020
755,0.129035827,1/25/2020
756,0.128298777,1/26/2020
757,0.127354545,1/27/2020
758,0.12627732,1/28/2020
759,0.125863119,1/29/2020
760,0.125324906,1/30/2020
761,0.124678315,1/31/2020
762,0.123933894,2/1/2020
763,0.122560422,2/2/2020
764,0.121127244,2/3/2020
765,0.119800524,2/4/2020
766,0.119598761,2/5/2020
767,0.119282659,2/6/2020
768,0.119057435,2/7/2020
769,0.118940021,2/8/2020
770,0.118622557,2/9/2020
771,0.118189675,2/10/2020
772,0.117871223,2/11/2020
773,0.118004975,2/12/2020
774,0.118134033,2/13/2020
775,0.118524176,2/14/2020
776,0.12262733,2/15/2020
777,0.135306073,2/16/2020
778,0.139950825,2/17/2020
779,0.140193214,2/18/2020
780,0.140129422,2/19/2020
781,0.139727106,2/20/2020
782,0.139350374,2/21/2020
783,0.13808463,2/22/2020
784,0.136222422,2/23/2020
785,0.135027861,2/24/2020
787,0.131530063,2/26/2020
788,0.130786544,2/27/2020
789,0.129278344,2/28/2020
790,0.127277204,2/29/2020
791,0.124972021,3/1/2020
792,0.122959389,3/2/2020
793,0.121316085,3/3/2020
794,0.120026865,3/4/2020
795,0.118674506,3/5/2020
796,0.117563426,3/6/2020
797,0.116462651,3/7/2020
798,0.115366373,3/8/2020
799,0.11445381,3/9/2020
800,0.113435027,3/10/2020
801,0.11247818,3/11/2020
802,0.111507482,3/12/2020
803,0.110905272,3/13/2020
804,0.112113193,3/14/2020
805,0.112689853,3/15/2020
806,0.113055357,3/16/2020
808,0.112283968,3/18/2020
809,0.1119016,3/19/2020
810,0.111818154,3/20/2020
811,0.111851296,3/21/2020
812,0.111514914,3/22/2020
813,0.111033885,3/23/2020
814,0.110473995,3/24/2020
815,0.109893734,3/25/2020
816,0.109271375,3/26/2020
817,0.108728514,3/27/2020
818,0.108306306,3/28/2020
819,0.1080986,3/29/2020
820,0.107830998,3/30/2020
821,0.107413015,3/31/2020
822,0.106919267,4/1/2020
823,0.106483499,4/2/2020
824,0.106083663,4/3/2020
825,0.105929119,4/4/2020
826,0.105645676,4/5/2020
827,0.105310947,4/6/2020
828,0.104726137,4/7/2020
829,0.104173761,4/8/2020
830,0.103753396,4/9/2020
831,0.103338061,4/10/2020
832,0.102878509,4/11/2020
833,0.102432828,4/12/2020
834,0.102169727,4/13/2020
835,0.102277973,4/14/2020
836,0.102343099,4/15/2020
837,0.102125577,4/16/2020
838,0.101788924,4/17/2020
839,0.101671807,4/18/2020
840,0.101408303,4/19/2020
841,0.101051123,4/20/2020
842,0.100804659,4/21/2020
843,0.100390306,4/22/2020
844,0.100011037,4/23/2020
845,0.099606912,4/24/2020
846,0.099235783,4/25/2020
847,0.098897473,4/26/2020
848,0.098478513,4/27/2020
849,0.097946143,4/28/2020
850,0.09745833,4/29/2020
851,0.097012172,4/30/2020
852,0.096560092,5/1/2020
853,0.096010581,5/2/2020
854,0.095441971,5/3/2020
855,0.094941482,5/4/2020
856,0.094358887,5/5/2020
857,0.093790999,5/6/2020
858,0.093308238,5/7/2020
859,0.092726978,5/8/2020
860,0.092422176,5/9/2020
861,0.091884892,5/10/2020
862,0.091523205,5/11/2020
863,0.091400477,5/12/2020
864,0.091063501,5/13/2020
865,0.091026903,5/14/2020
866,0.090944952,5/15/2020
867,0.090878389,5/16/2020
868,0.090755368,5/17/2020
869,0.090479699,5/18/2020
870,0.090024879,5/19/2020
871,0.089657677,5/20/2020
872,0.089242371,5/21/2020
873,0.088855595,5/22/2020
874,0.088523484,5/23/2020
875,0.088040218,5/24/2020
876,0.087264347,5/25/2020
877,0.087199569,5/26/2020
878,0.087057815,5/27/2020
879,0.086807735,5/28/2020
880,0.086535392,5/29/2020
881,0.086119164,5/30/2020
882,0.085727422,5/31/2020
883,0.085265095,6/1/2020
884,0.084326644,6/2/2020
885,0.084048941,6/3/2020
886,0.083756612,6/4/2020
887,0.08375199,6/5/2020
888,0.083668278,6/6/2020
889,0.083517094,6/7/2020
890,0.083101345,6/8/2020
891,0.082581963,6/9/2020
892,0.082441578,6/10/2020
893,0.082189642,6/11/2020
894,0.081738569,6/12/2020
895,0.081217526,6/13/2020
896,0.080649602,6/14/2020
897,0.080422536,6/15/2020
898,0.080357918,6/16/2020
899,0.080359287,6/17/2020
900,0.080071349,6/18/2020
901,0.079671588,6/19/2020
902,0.079316041,6/20/2020
903,0.079012911,6/21/2020
904,0.078487874,6/22/2020
905,0.108866762,6/23/2020
906,0.165151518,6/24/2020
907,0.153920033,6/25/2020
908,0.143900542,6/26/2020
909,0.135627094,6/27/2020
910,0.128249515,6/28/2020
911,0.12178026,6/29/2020
912,0.116380596,6/30/2020
913,0.112000453,7/1/2020
914,0.108555322,7/2/2020
915,0.106115978,7/3/2020
916,0.105083005,7/4/2020
917,0.113929229,7/5/2020
918,0.130110635,7/6/2020
919,0.126290661,7/7/2020
920,0.121413539,7/8/2020
921,0.116347676,7/9/2020
922,0.112013933,7/10/2020
923,0.108726841,7/11/2020
924,0.106066686,7/12/2020
925,0.104105328,7/13/2020
926,0.102852318,7/14/2020
927,0.101689894,7/15/2020
928,0.100902074,7/16/2020
929,0.100107132,7/17/2020
930,0.099394503,7/18/2020
931,0.098476281,7/19/2020
932,0.098108519,7/20/2020
933,0.097451207,7/21/2020
934,0.097021753,7/22/2020
935,0.096509042,7/23/2020
936,0.096294206,7/24/2020
937,0.097828017,7/25/2020
938,0.098869597,7/26/2020
939,0.099638594,7/27/2020
940,0.136246911,7/28/2020
941,0.139018236,7/29/2020
942,0.13345341,7/30/2020
943,0.141146788,7/31/2020
944,0.156222572,8/1/2020
945,0.153386636,8/2/2020
946,0.150215552,8/3/2020
947,0.144364621,8/4/2020
948,0.138886552,8/5/2020
949,0.133649169,8/6/2020
950,0.127857461,8/7/2020
951,0.12264244,8/8/2020
952,0.117835654,8/9/2020
953,0.113579178,8/10/2020
954,0.110194709,8/11/2020
955,0.107658618,8/12/2020
956,0.105565144,8/13/2020
957,0.103990012,8/14/2020
958,0.102641619,8/15/2020
959,0.101668022,8/16/2020
960,0.100865555,8/17/2020
961,0.100001533,8/18/2020
962,0.099256635,8/19/2020
963,0.098474694,8/20/2020
964,0.097756672,8/21/2020
965,0.097207485,8/22/2020
966,0.096620866,8/23/2020
967,0.095954189,8/24/2020
968,0.095302261,8/25/2020
969,0.094675242,8/26/2020
970,0.094048925,8/27/2020
971,0.09341678,8/28/2020
972,0.092643076,8/29/2020
973,0.092157074,8/30/2020
974,0.091568277,8/31/2020
975,0.091345716,9/1/2020
976,0.091239923,9/2/2020
977,0.09100577,9/3/2020
978,0.090756405,9/4/2020
979,0.090322218,9/5/2020
980,0.089946023,9/6/2020
981,0.089500158,9/7/2020
982,0.088564613,9/8/2020
983,0.088413496,9/9/2020
984,0.10317884,9/10/2020
985,0.11080277,9/11/2020
986,0.108538706,9/12/2020
987,0.106495341,9/13/2020
988,0.104915449,9/14/2020
989,0.103341403,9/15/2020
990,0.10184603,9/16/2020
991,0.100592022,9/17/2020
992,0.099602914,9/18/2020
993,0.098864296,9/19/2020
994,0.098203553,9/20/2020
995,0.097481696,9/21/2020
996,0.096753789,9/22/2020
997,0.096203445,9/23/2020
998,0.095820275,9/24/2020
999,0.095357401,9/25/2020
1000,0.094533079,9/26/2020
1001,0.093511548,9/27/2020
1002,0.092543998,9/28/2020
1003,0.092621353,9/29/2020
1004,0.092491461,9/30/2020
1005,0.091977702,10/1/2020
1006,0.091692121,10/2/2020
1007,0.091285857,10/3/2020
1008,0.090962304,10/4/2020
1009,0.090762922,10/5/2020
1010,0.090365781,10/6/2020
1011,0.090077628,10/7/2020
1012,0.089989833,10/8/2020
1013,0.089667984,10/9/2020
1014,0.0891015,10/10/2020
1015,0.088936248,10/11/2020
1016,0.088336296,10/12/2020
1017,0.088196695,10/13/2020
1018,0.087970451,10/14/2020
1019,0.087264962,10/15/2020
1020,0.086990105,10/16/2020
1021,0.087121457,10/17/2020
1022,0.08666429,10/18/2020
1023,0.086508978,10/19/2020
1024,0.086328326,10/20/2020
1025,0.086055306,10/21/2020
1026,0.085843424,10/22/2020
1027,0.085498497,10/23/2020
1028,0.08594706,10/24/2020
1029,0.085599009,10/25/2020
1030,0.085330767,10/26/2020
1031,0.085655047,10/27/2020
1032,0.085833668,10/28/2020
1033,0.105852349,10/29/2020
1034,0.155002033,10/30/2020
1035,0.179004087,10/31/2020
1036,0.171119694,11/1/2020
1037,0.166067698,11/2/2020
1038,0.161507751,11/3/2020
1039,0.157417794,11/4/2020
1040,0.15366247,11/5/2020
1041,0.150287334,11/6/2020
1042,0.147073288,11/7/2020
1043,0.144010952,11/8/2020
1044,0.141203002,11/9/2020
1045,0.138650474,11/10/2020
1046,0.136750019,11/11/2020
1047,0.134673891,11/12/2020
1048,0.132610777,11/13/2020
1049,0.130512005,11/14/2020
1050,0.128324813,11/15/2020
1051,0.126240062,11/16/2020
1052,0.124068877,11/17/2020
1053,0.121972202,11/18/2020
1054,0.119703215,11/19/2020
1055,0.117496557,11/20/2020
1056,0.116186692,11/21/2020
1057,0.115209461,11/22/2020
1058,0.114601416,11/23/2020
1059,0.114204157,11/24/2020
1060,0.113689177,11/25/2020
1061,0.113006142,11/26/2020
1062,0.11242235,11/27/2020
1063,0.112096746,11/28/2020
1064,0.111898067,11/29/2020
1065,0.111550008,11/30/2020
1066,0.11115156,12/1/2020
1067,0.110839505,12/2/2020
1068,0.110870818,12/3/2020
1069,0.110854363,12/4/2020
1070,0.110547039,12/5/2020
1071,0.110118682,12/6/2020
1072,0.109619667,12/7/2020
1073,0.109082866,12/8/2020
1074,0.10849781,12/9/2020
1075,0.108023244,12/10/2020
1076,0.107825005,12/11/2020
1077,0.107783895,12/12/2020
1078,0.107729482,12/13/2020
1079,0.107763281,12/14/2020
1080,0.107748996,12/15/2020
1081,0.108005041,12/16/2020
1082,0.108185045,12/17/2020
1083,0.108043739,12/18/2020
1084,0.107696715,12/19/2020
1085,0.10756874,12/20/2020
1086,0.107334557,12/21/2020
1087,0.10695484,12/22/2020
1088,0.106574091,12/23/2020
1089,0.106587161,12/24/2020
1090,0.106652787,12/25/2020
1091,0.106448608,12/26/2020
1092,0.106145565,12/27/2020
1093,0.105857006,12/28/2020
1094,0.105819444,12/29/2020
1095,0.105673003,12/30/2020
1096,0.105771914,12/31/2020
1097,0.105928619,1/1/2021
1098,0.105919195,1/2/2021
1099,0.105818068,1/3/2021
1100,0.105539669,1/4/2021
1101,0.105300165,1/5/2021
1102,0.104974716,1/6/2021
1103,0.104970122,1/7/2021
1104,0.104831089,1/8/2021
1105,0.104876744,1/9/2021
1106,0.10499497,1/10/2021
1107,0.105041209,1/11/2021
1108,0.10517895,1/12/2021
1109,0.105334285,1/13/2021
1110,0.105118217,1/14/2021
1111,0.104891404,1/15/2021
1112,0.105020369,1/16/2021
1113,0.10499703,1/17/2021
1114,0.104986846,1/18/2021
1115,0.10489989,1/19/2021
1116,0.105223196,1/20/2021
1117,0.105740746,1/21/2021
1118,0.106922608,1/22/2021
1119,0.107878951,1/23/2021
1120,0.108299444,1/24/2021
1121,0.10857539,1/25/2021
1122,0.108644937,1/26/2021
1123,0.108890035,1/27/2021
1124,0.10916761,1/28/2021
1125,0.109527865,1/29/2021
1126,0.109419927,1/30/2021
1127,0.109293856,1/31/2021
1128,0.109449409,2/1/2021
1129,0.109299704,2/2/2021
1130,0.108921323,2/3/2021
1131,0.108566167,2/4/2021
1132,0.108591279,2/5/2021
1133,0.108559683,2/6/2021
1134,0.10833852,2/7/2021
1135,0.107922611,2/8/2021
1136,0.107536387,2/9/2021
1137,0.107106424,2/10/2021
1138,0.107149672,2/11/2021
1139,0.106694725,2/12/2021
1140,0.106823222,2/13/2021
1141,0.107176254,2/14/2021
1142,0.107338439,2/15/2021
1143,0.107421307,2/16/2021
1144,0.107800485,2/17/2021
1145,0.107715065,2/18/2021
1146,0.107979379,2/19/2021
1147,0.108401898,2/20/2021
1148,0.10835444,2/21/2021
1149,0.108335882,2/22/2021
1150,0.108138012,2/23/2021
1151,0.107976318,2/24/2021
1152,0.107979218,2/25/2021
1153,0.108148125,2/26/2021
1154,0.108000251,2/27/2021
1155,0.107787271,2/28/2021
1156,0.107772318,3/1/2021
1157,0.107773787,3/2/2021
1158,0.107428175,3/3/2021
1159,0.106984638,3/4/2021
1160,0.10658279,3/5/2021
1161,0.106322004,3/6/2021
1162,0.1060757,3/7/2021
1163,0.105590054,3/8/2021
1164,0.105080903,3/9/2021
1165,0.104590506,3/10/2021
1166,0.104320071,3/11/2021
1167,0.104168458,3/12/2021
1168,0.113487637,3/13/2021
1169,0.119933629,3/14/2021
1170,0.117628433,3/15/2021
1171,0.115556783,3/16/2021
1172,0.113856123,3/17/2021
1173,0.112976012,3/18/2021
1174,0.11202313,3/19/2021
1175,0.111112339,3/20/2021
1176,0.109908883,3/21/2021
1177,0.108377796,3/22/2021
1178,0.108719004,3/23/2021
1179,0.121619273,3/24/2021
1180,0.13840211,3/25/2021
1181,0.169529968,3/26/2021
1182,0.175907683,3/27/2021
1183,0.170613462,3/28/2021
1184,0.165494379,3/29/2021
1185,0.160413131,3/30/2021
1186,0.157002008,3/31/2021
1187,0.154100557,4/1/2021
1188,0.150684046,4/2/2021
1189,0.146779203,4/3/2021
1190,0.14293045,4/4/2021
1191,0.139099817,4/5/2021
1192,0.135183931,4/6/2021
1193,0.131567428,4/7/2021
1194,0.128424525,4/8/2021
1195,0.125289502,4/9/2021
1196,0.122396672,4/10/2021
1197,0.120175944,4/11/2021
1198,0.118074201,4/12/2021
1199,0.116763594,4/13/2021
1200,0.115648952,4/14/2021
1201,0.114634621,4/15/2021
1202,0.114412549,4/16/2021
1203,0.113726504,4/17/2021
1204,0.113468726,4/18/2021
1205,0.112524713,4/19/2021
1206,0.111543071,4/20/2021
1207,0.111398511,4/21/2021
1208,0.110931387,4/22/2021
1209,0.110014676,4/23/2021
1210,0.109238758,4/24/2021
1211,0.108447627,4/25/2021
1212,0.107394485,4/26/2021
1213,0.106493624,4/27/2021
1214,0.105629755,4/28/2021
1215,0.105675735,4/29/2021
1216,0.105407468,4/30/2021
1217,0.105044125,5/1/2021
1218,0.10446828,5/2/2021
1219,0.122721387,5/3/2021
1220,0.156737066,5/4/2021
1221,0.156449481,5/5/2021
1222,0.154346491,5/6/2021
1223,0.150949653,5/7/2021
1224,0.146905855,5/8/2021
1225,0.142984782,5/9/2021
1226,0.1411352,5/10/2021
1227,0.139733676,5/11/2021
1228,0.139319723,5/12/2021
1229,0.138914614,5/13/2021
1230,0.136448863,5/14/2021
1231,0.133035215,5/15/2021
1232,0.129692473,5/16/2021
1233,0.126238818,5/17/2021
1234,0.123739962,5/18/2021
1235,0.128680027,5/19/2021
1236,0.143524772,5/20/2021
1237,0.137337387,5/21/2021
1238,0.133715825,5/22/2021
1240,0.126202288,5/24/2021
1241,0.123460206,5/25/2021
1242,0.120389714,5/26/2021
1243,0.117831863,5/27/2021
1244,0.115421246,5/28/2021
1245,0.113548928,5/29/2021
1246,0.111899587,5/30/2021
1247,0.110835975,5/31/2021
1248,0.110376693,6/1/2021
1249,0.109633082,6/2/2021
1251,0.108402653,6/4/2021
1252,0.107582267,6/5/2021
1253,0.106864191,6/6/2021
1254,0.106117071,6/7/2021
1255,0.105555733,6/8/2021
1256,0.104954052,6/9/2021
1257,0.104288391,6/10/2021
1258,0.103585388,6/11/2021
1259,0.10280792,6/12/2021
1260,0.102567823,6/13/2021
1261,0.101994699,6/14/2021
1262,0.101324396,6/15/2021
1263,0.100627324,6/16/2021
1264,0.099813545,6/17/2021
1265,0.098992996,6/18/2021
1266,0.098103417,6/19/2021
1267,0.097248306,6/20/2021
1268,0.095906344,6/21/2021
1269,0.09555134,6/22/2021
1270,0.094995259,6/23/2021
1271,0.094057798,6/24/2021
1272,0.093431257,6/25/2021
1273,0.092366019,6/26/2021
1274,0.091997509,6/27/2021
1275,0.094174492,6/28/2021
1276,0.10195953,6/29/2021
1277,0.14940804,6/30/2021
1278,0.154648567,7/1/2021
1279,0.180573823,7/2/2021
1280,0.17456345,7/3/2021
1281,0.167558437,7/4/2021
1282,0.161041948,7/5/2021
1283,0.163382829,7/6/2021
1284,0.172858457,7/7/2021
1285,0.166563185,7/8/2021
1286,0.159616275,7/9/2021
1288,0.14616161,7/11/2021
1289,0.142313615,7/12/2021
1290,0.137669232,7/13/2021
1291,0.132691759,7/14/2021
1292,0.128689372,7/15/2021
1293,0.125010681,7/16/2021
1294,0.12174749,7/17/2021
1295,0.118958825,7/18/2021
1296,0.116613867,7/19/2021
1297,0.114607641,7/20/2021
1298,0.112834158,7/21/2021
1299,0.11136993,7/22/2021
1300,0.110090051,7/23/2021
1301,0.108901798,7/24/2021
1302,0.107788229,7/25/2021
1303,0.11073847,7/26/2021
1304,0.126484819,7/27/2021
1305,0.121340025,7/28/2021
1306,0.117403981,7/29/2021
1307,0.114027688,7/30/2021
1308,0.11201794,7/31/2021
1309,0.110386904,8/1/2021
1310,0.112237626,8/2/2021
1311,0.11262228,8/3/2021
1312,0.112410173,8/4/2021
1313,0.111528766,8/5/2021
1314,0.110293194,8/6/2021
1315,0.109296235,8/7/2021
1316,0.10813223,8/8/2021
1317,0.107378876,8/9/2021
1318,0.106568536,8/10/2021
1319,0.105726169,8/11/2021
1320,0.104839295,8/12/2021
1321,0.120848692,8/13/2021
1322,0.13969896,8/14/2021
1323,0.132908265,8/15/2021
1324,0.127531217,8/16/2021
1325,0.123386678,8/17/2021
1326,0.119199247,8/18/2021
1327,0.115318851,8/19/2021
1328,0.112400312,8/20/2021
1329,0.110141328,8/21/2021
1330,0.108549695,8/22/2021
1331,0.107430036,8/23/2021
1332,0.106340136,8/24/2021
1333,0.105351085,8/25/2021
1334,0.104466999,8/26/2021
1335,0.10367649,8/27/2021
1336,0.102945175,8/28/2021
1337,0.102343016,8/29/2021
1338,0.102050597,8/30/2021
1339,0.101627884,8/31/2021
1340,0.101594564,9/1/2021
1342,0.108396161,9/3/2021
1343,0.106415442,9/4/2021
1344,0.104665442,9/5/2021
1345,0.103445623,9/6/2021
1346,0.102354695,9/7/2021
1347,0.101462675,9/8/2021
1348,0.101355122,9/9/2021
1349,0.100796567,9/10/2021
1350,0.100331348,9/11/2021
1351,0.099717011,9/12/2021
1352,0.09910588,9/13/2021
1353,0.098560142,9/14/2021
1354,0.097895229,9/15/2021
1355,0.097549266,9/16/2021
1356,0.097070643,9/17/2021
1357,0.096680317,9/18/2021
1358,0.096348791,9/19/2021
1359,0.095700549,9/20/2021
1360,0.094796379,9/21/2021
1361,0.09414476,9/22/2021
1362,0.094419431,9/23/2021
1363,0.093819277,9/24/2021
1364,0.093275152,9/25/2021
1365,0.092915938,9/26/2021
1366,0.092280686,9/27/2021
1367,0.091806434,9/28/2021
1368,0.091544907,9/29/2021
1369,0.100687676,9/30/2021
1370,0.154696399,10/1/2021
1371,0.167590914,10/2/2021
1372,0.161762717,10/3/2021
1373,0.155164736,10/4/2021
1374,0.148785707,10/5/2021
1375,0.143188863,10/6/2021
1376,0.138037943,10/7/2021
1377,0.133118663,10/8/2021
1378,0.128252881,10/9/2021
1379,0.124350482,10/10/2021
1380,0.122563859,10/11/2021
1381,0.120415693,10/12/2021
1382,0.118554954,10/13/2021
1383,0.117045751,10/14/2021
1384,0.115673909,10/15/2021
1385,0.114546361,10/16/2021
1386,0.113239242,10/17/2021
1387,0.112001464,10/18/2021
1388,0.110504646,10/19/2021
1389,0.109245019,10/20/2021
1390,0.108377225,10/21/2021
1391,0.107520123,10/22/2021
1392,0.106632226,10/23/2021
1393,0.105740289,10/24/2021
1394,0.105068339,10/25/2021
1395,0.104160854,10/26/2021
1396,0.103084676,10/27/2021
1398,0.103165167,10/29/2021
1399,0.102623679,10/30/2021
1400,0.101947747,10/31/2021
1401,0.101723133,11/1/2021
1402,0.101311935,11/2/2021
1403,0.101301658,11/3/2021
1404,0.101030692,11/4/2021
1405,0.10068677,11/5/2021
1406,0.100234479,11/6/2021
1407,0.099861071,11/7/2021
1408,0.09945907,11/8/2021
1409,0.098888442,11/9/2021
1410,0.098511934,11/10/2021
1411,0.098070576,11/11/2021
1412,0.097752875,11/12/2021
1415,0.097421127,11/15/2021
1416,0.096964803,11/16/2021
1417,0.096401477,11/17/2021
1418,0.096093031,11/18/2021
1419,0.096391336,11/19/2021
1420,0.096170618,11/20/2021
1421,0.095747115,11/21/2021
1422,0.095608002,11/22/2021
1423,0.0954896,11/23/2021
1424,0.095199289,11/24/2021
1425,0.094865592,11/25/2021
1426,0.094909396,11/26/2021
1427,0.094759644,11/27/2021
1428,0.094648332,11/28/2021
1429,0.09452033,11/29/2021
1430,0.094222116,11/30/2021
1431,0.094019492,12/1/2021
1432,0.09377154,12/2/2021
1433,0.093523479,12/3/2021
1434,0.093236148,12/4/2021
1435,0.093197081,12/5/2021
1436,0.092694271,12/6/2021
1437,0.094102235,12/7/2021
1438,0.092698505,12/8/2021
1439,0.092611499,12/9/2021
1440,0.092294573,12/10/2021
1441,0.09228663,12/11/2021
1442,0.092440832,12/12/2021
1443,0.092310024,12/13/2021
1444,0.092242312,12/14/2021
1445,0.091868069,12/15/2021
1446,0.091759083,12/16/2021
1447,0.091762632,12/17/2021
1448,0.091621993,12/18/2021
1449,0.091825123,12/19/2021
1450,0.091829333,12/20/2021
1451,0.091768055,12/21/2021
1452,0.092653021,12/22/2021
1453,0.092701807,12/23/2021
1454,0.092585666,12/24/2021
1455,0.090813228,12/25/2021
1456,0.090647076,12/26/2021
1457,0.090277322,12/27/2021
1458,0.090149932,12/28/2021
1459,0.090100476,12/29/2021
1461,0.094601859,12/31/2021
